iter	Logloss
0	0.4607155658
1	0.4318646761
